batch_id,num_drones,alignment,vision_mode,gradient_map,num_runs,success_rate_percent,completion_time_mean,completion_time_std,completion_time_median,finish_line_x,avg_final_x
batch_02.22.2026_08.28.20,5,ON,normal,sine_curve_thick001_freq2,2,100.0,162.8,8.34,162.8,18.67,18.57
batch_02.22.2026_08.29.21,5,ON,normal,sine_curve_thick1_freq2,2,0.0,,,,18.67,
batch_02.22.2026_08.30.43,5,ON,normal,sine_curve_thick000001_freq2,2,100.0,166.95,3.64,166.95,18.67,18.57
batch_02.22.2026_08.31.50,5,ON,normal,sine_curve_thick001_freq4,2,100.0,181.74,9.8,181.74,18.67,18.57
batch_02.22.2026_08.33.13,5,ON,normal,sine_curve_thick1_freq4,2,0.0,,,,18.67,
batch_02.22.2026_08.34.47,5,ON,normal,sine_curve_thick000001_freq4,2,100.0,184.58,0.17,184.58,18.67,18.57
batch_02.22.2026_08.35.56,5,ON,normal,sine_curve_thick001_freq8,2,0.0,,,,18.67,
batch_02.22.2026_08.37.33,5,ON,normal,sine_curve_thick1_freq8,2,0.0,,,,18.67,
batch_02.22.2026_08.39.05,5,ON,normal,sine_curve_thick000001_freq8,2,100.0,228.8,13.78,228.8,18.67,18.57
batch_02.22.2026_08.40.22,5,ON,anisotropic,sine_curve_thick001_freq2,2,100.0,192.59,36.64,192.59,18.67,18.57
batch_02.22.2026_08.41.47,5,ON,anisotropic,sine_curve_thick1_freq2,2,100.0,148.34,3.22,148.34,18.67,18.57
batch_02.22.2026_08.42.49,5,ON,anisotropic,sine_curve_thick000001_freq2,2,100.0,152.43,1.14,152.43,18.67,18.57
batch_02.22.2026_08.43.51,5,ON,anisotropic,sine_curve_thick001_freq4,2,100.0,171.74,3.32,171.74,18.67,18.57
batch_02.22.2026_08.44.58,5,ON,anisotropic,sine_curve_thick1_freq4,2,100.0,183.01,10.53,183.01,18.67,18.57
batch_02.22.2026_08.46.14,5,ON,anisotropic,sine_curve_thick000001_freq4,2,50.0,157.92,,157.92,18.67,18.57
batch_02.22.2026_08.47.37,5,ON,anisotropic,sine_curve_thick001_freq8,2,100.0,154.38,5.77,154.38,18.67,18.57
batch_02.22.2026_08.48.41,5,ON,anisotropic,sine_curve_thick1_freq8,2,50.0,267.1,,267.1,18.67,18.57
batch_02.22.2026_08.50.17,5,ON,anisotropic,sine_curve_thick000001_freq8,2,100.0,172.96,25.85,172.96,18.67,18.57
batch_02.22.2026_08.51.23,5,ON,pursuit_evasion,sine_curve_thick001_freq2,2,0.0,,,,18.67,
batch_02.22.2026_08.52.51,5,ON,pursuit_evasion,sine_curve_thick1_freq2,2,0.0,,,,18.67,
batch_02.22.2026_08.54.17,5,ON,pursuit_evasion,sine_curve_thick000001_freq2,2,50.0,245.5,,245.5,18.67,18.57
batch_02.22.2026_08.55.44,5,ON,pursuit_evasion,sine_curve_thick001_freq4,2,0.0,,,,18.67,
batch_02.22.2026_08.57.12,5,ON,pursuit_evasion,sine_curve_thick1_freq4,2,0.0,,,,18.67,
batch_02.22.2026_08.58.48,5,ON,pursuit_evasion,sine_curve_thick000001_freq4,2,0.0,,,,18.67,
batch_02.22.2026_09.00.13,5,ON,pursuit_evasion,sine_curve_thick001_freq8,2,0.0,,,,18.67,
batch_02.22.2026_09.01.43,5,ON,pursuit_evasion,sine_curve_thick1_freq8,2,50.0,169.96,,169.96,18.67,18.57
batch_02.22.2026_09.02.57,5,ON,pursuit_evasion,sine_curve_thick000001_freq8,2,0.0,,,,18.67,
batch_02.22.2026_09.04.26,7,ON,normal,sine_curve_thick001_freq2,2,100.0,171.92,1.94,171.92,18.67,18.57
batch_02.22.2026_09.05.46,7,ON,normal,sine_curve_thick1_freq2,2,0.0,,,,18.67,
batch_02.22.2026_09.07.44,7,ON,normal,sine_curve_thick000001_freq2,2,100.0,168.66,1.59,168.66,18.67,18.57
batch_02.22.2026_09.08.59,7,ON,normal,sine_curve_thick001_freq4,2,100.0,189.17,1.04,189.17,18.67,18.57
batch_02.22.2026_09.10.19,7,ON,normal,sine_curve_thick1_freq4,2,0.0,,,,18.67,
batch_02.22.2026_09.12.19,7,ON,normal,sine_curve_thick000001_freq4,2,100.0,185.36,0.84,185.36,18.67,18.57
batch_02.22.2026_09.13.47,7,ON,normal,sine_curve_thick001_freq8,2,0.0,,,,18.67,
batch_02.22.2026_09.15.30,7,ON,normal,sine_curve_thick1_freq8,2,0.0,,,,18.67,
batch_02.22.2026_09.17.17,7,ON,normal,sine_curve_thick000001_freq8,2,50.0,298.42,,298.42,18.67,18.57
batch_02.22.2026_09.19.03,7,ON,anisotropic,sine_curve_thick001_freq2,2,50.0,154.48,,154.48,18.67,18.57
batch_02.22.2026_09.20.35,7,ON,anisotropic,sine_curve_thick1_freq2,2,100.0,150.83,0.5,150.83,18.67,18.57
batch_02.22.2026_09.21.49,7,ON,anisotropic,sine_curve_thick000001_freq2,2,100.0,156.69,2.19,156.69,18.67,18.57
batch_02.22.2026_09.23.06,7,ON,anisotropic,sine_curve_thick001_freq4,2,100.0,175.57,10.26,175.57,18.67,18.57
batch_02.22.2026_09.24.26,7,ON,anisotropic,sine_curve_thick1_freq4,2,100.0,174.21,4.48,174.21,18.67,18.57
batch_02.22.2026_09.25.48,7,ON,anisotropic,sine_curve_thick000001_freq4,2,100.0,177.91,20.45,177.91,18.67,18.57
batch_02.22.2026_09.27.10,7,ON,anisotropic,sine_curve_thick001_freq8,2,100.0,174.39,23.18,174.39,18.67,18.57
batch_02.22.2026_09.28.35,7,ON,anisotropic,sine_curve_thick1_freq8,2,100.0,210.98,31.4,210.98,18.67,18.57
batch_02.22.2026_09.30.11,7,ON,anisotropic,sine_curve_thick000001_freq8,2,100.0,187.72,36.91,187.72,18.67,18.57
batch_02.22.2026_09.31.47,7,ON,pursuit_evasion,sine_curve_thick001_freq2,2,0.0,,,,18.67,
batch_02.22.2026_09.33.40,7,ON,pursuit_evasion,sine_curve_thick1_freq2,2,0.0,,,,18.67,
batch_02.22.2026_09.35.31,7,ON,pursuit_evasion,sine_curve_thick000001_freq2,2,0.0,,,,18.67,
batch_02.22.2026_09.37.32,7,ON,pursuit_evasion,sine_curve_thick001_freq4,2,0.0,,,,18.67,
batch_02.22.2026_09.39.41,7,ON,pursuit_evasion,sine_curve_thick1_freq4,2,0.0,,,,18.67,
batch_02.22.2026_09.41.37,7,ON,pursuit_evasion,sine_curve_thick000001_freq4,2,0.0,,,,18.67,
batch_02.22.2026_09.43.25,7,ON,pursuit_evasion,sine_curve_thick001_freq8,2,0.0,,,,18.67,
batch_02.22.2026_09.45.24,7,ON,pursuit_evasion,sine_curve_thick1_freq8,2,0.0,,,,18.67,
batch_02.22.2026_09.47.24,7,ON,pursuit_evasion,sine_curve_thick000001_freq8,2,0.0,,,,18.67,
batch_02.22.2026_09.49.21,10,ON,normal,sine_curve_thick001_freq2,2,100.0,181.41,4.72,181.41,17.54,17.44
batch_02.22.2026_09.51.11,10,ON,normal,sine_curve_thick1_freq2,2,0.0,,,,17.54,
batch_02.22.2026_09.53.49,10,ON,normal,sine_curve_thick000001_freq2,2,100.0,179.54,3.5,179.54,17.54,17.44
batch_02.22.2026_09.55.35,10,ON,normal,sine_curve_thick001_freq4,2,100.0,205.62,13.21,205.62,17.54,17.44
batch_02.22.2026_09.57.37,10,ON,normal,sine_curve_thick1_freq4,2,0.0,,,,17.54,
batch_02.22.2026_10.00.14,10,ON,normal,sine_curve_thick000001_freq4,2,100.0,225.42,42.15,225.42,17.54,17.44
batch_02.22.2026_10.02.16,10,ON,normal,sine_curve_thick001_freq8,2,100.0,267.71,29.83,267.71,17.54,17.44
batch_02.22.2026_10.04.35,10,ON,normal,sine_curve_thick1_freq8,2,0.0,,,,17.54,
batch_02.22.2026_10.07.11,10,ON,normal,sine_curve_thick000001_freq8,2,100.0,224.34,10.24,224.34,17.54,17.44
batch_02.22.2026_10.09.16,10,ON,anisotropic,sine_curve_thick001_freq2,2,100.0,220.7,40.07,220.7,17.54,17.44
batch_02.22.2026_10.11.23,10,ON,anisotropic,sine_curve_thick1_freq2,2,100.0,146.69,3.81,146.69,17.54,17.44
batch_02.22.2026_10.13.10,10,ON,anisotropic,sine_curve_thick000001_freq2,2,100.0,194.21,22.4,194.21,17.54,17.44
batch_02.22.2026_10.15.03,10,ON,anisotropic,sine_curve_thick001_freq4,2,100.0,192.73,36.31,192.73,17.54,17.44
batch_02.22.2026_10.17.00,10,ON,anisotropic,sine_curve_thick1_freq4,2,100.0,202.03,18.34,202.03,17.54,17.44
batch_02.22.2026_10.18.55,10,ON,anisotropic,sine_curve_thick000001_freq4,2,100.0,177.18,28.82,177.18,17.54,17.44
batch_02.22.2026_10.20.41,10,ON,anisotropic,sine_curve_thick001_freq8,2,100.0,147.43,0.68,147.43,17.54,17.44
batch_02.22.2026_10.22.15,10,ON,anisotropic,sine_curve_thick1_freq8,2,100.0,178.9,2.04,178.9,17.54,17.44
batch_02.22.2026_10.24.02,10,ON,anisotropic,sine_curve_thick000001_freq8,2,100.0,188.39,38.2,188.39,17.54,17.44
batch_02.22.2026_10.26.06,10,ON,pursuit_evasion,sine_curve_thick001_freq2,2,0.0,,,,17.54,
batch_02.22.2026_10.28.42,10,ON,pursuit_evasion,sine_curve_thick1_freq2,2,0.0,,,,17.54,
batch_02.22.2026_10.31.15,10,ON,pursuit_evasion,sine_curve_thick000001_freq2,2,0.0,,,,17.54,
batch_02.22.2026_10.34.00,10,ON,pursuit_evasion,sine_curve_thick001_freq4,2,0.0,,,,17.54,
batch_02.22.2026_10.36.39,10,ON,pursuit_evasion,sine_curve_thick1_freq4,2,0.0,,,,17.54,
batch_02.22.2026_10.39.21,10,ON,pursuit_evasion,sine_curve_thick000001_freq4,2,0.0,,,,17.54,
batch_02.22.2026_10.42.05,10,ON,pursuit_evasion,sine_curve_thick001_freq8,2,0.0,,,,17.54,
batch_02.22.2026_10.44.39,10,ON,pursuit_evasion,sine_curve_thick1_freq8,2,0.0,,,,17.54,
batch_02.22.2026_10.47.09,10,ON,pursuit_evasion,sine_curve_thick000001_freq8,2,0.0,,,,17.54,
